<attribute-sets default="overridden-attributes">
  <attribute-set id="overridden-attributes">
    <value-set>
      <label>overridden-attributes</label>

      <!--
      
      Below are some attributes of this component you can change. Please see

        http://download.carrot2.org/head/manual/#section.customizing.component-suites-and-attributes.component-attributes

      for tools that will help you to edit this file.

      <attribute key="Bing5DocumentSource.apiKey">
        <value value="..."/>
      </attribute>
      -->
    </value-set>
  </attribute-set>
</attribute-sets>
