<!-- Components included in all applications -->
<component-suite>
  <sources>
    <source component-class="org.carrot2.source.microsoft.v5.Bing5DocumentSource" id="bing-web"
            attribute-sets-resource="source-bing-attributes.xml">
      <label>Bing</label>
      <title>Bing Web Search</title>
      <mnemonic>B</mnemonic>
      <description>Searches the Web using Bing Search</description>
      <icon-path>icons/bing.png</icon-path>
      <example-queries>
        <example-query>data mining</example-query>
        <example-query>lucene</example-query>
        <example-query>java</example-query>
      </example-queries>
    </source>
    
    <source component-class="org.carrot2.source.microsoft.v5.Bing5NewsDocumentSource" id="bing-news"
            attribute-sets-resource="source-bing-attributes.xml">
      <label>Bing News</label>
      <title>Bing News Search</title>
      <mnemonic>N</mnemonic>
      <description>Searches news using Bing Search</description>
      <icon-path>icons/bing.png</icon-path>
      <example-queries>
        <example-query>nasa</example-query>
        <example-query>conflict</example-query>
        <example-query>basketball</example-query>
      </example-queries>
    </source>    
  </sources>
</component-suite>
